{
  "timestamp": 500.0,
  "config": {
    "decay_rate": 0.005,
    "ih_threshold": 0.45,
    "initial_balance": 0.5,
    "audit_cost": 0.002,
    "storage_cost_per_step": 0.0003,
    "test_sol_top_up_threshold": null,
    "test_sol_top_up_amount": 0.0
  },
  "agents": {
    "agent_309e28b63562": {
      "agent_id": "agent_309e28b63562",
      "model_name": "conservative_0",
      "architecture_hash": "8374b7c44322b61a",
      "status": "suspended",
      "current_tier": "T3",
      "balance": -0.005481938028139015,
      "total_earned": 0.0,
      "total_spent": 0.4787000000000037,
      "total_penalties": 0.02678193802813532,
      "total_topups": 0.0,
      "contracts_completed": 0,
      "contracts_failed": 369,
      "registration_time": 0.0,
      "audit_cid": null,
      "robustness": {
        "cc": 0.8301116450165668,
        "er": 0.7908384534641301,
        "as": 0.7673923858434306,
        "ih": 0.8460719171719566
      }
    },
    "agent_c9962a2b95da": {
      "agent_id": "agent_c9962a2b95da",
      "model_name": "aggressive_1",
      "architecture_hash": "06cf6cd1e0157f7e",
      "status": "active",
      "current_tier": "T0",
      "balance": 0.33905267687247576,
      "total_earned": 0.0,
      "total_spent": 0.15799999999999859,
      "total_penalties": 0.002947323127512885,
      "total_topups": 0.0,
      "contracts_completed": 0,
      "contracts_failed": 29,
      "registration_time": 0.0,
      "audit_cid": null,
      "robustness": {
        "cc": 0.2994468012944013,
        "er": 0.3071515947221842,
        "as": 0.26813057121406897,
        "ih": 0.5985780188169969
      }
    },
    "agent_99a8b753d784": {
      "agent_id": "agent_99a8b753d784",
      "model_name": "balanced_2",
      "architecture_hash": "ea00df5aae26a51e",
      "status": "suspended",
      "current_tier": "T2",
      "balance": -0.0018638685247936663,
      "total_earned": 0.0,
      "total_spent": 0.3715000000000024,
      "total_penalties": 0.1303638685247891,
      "total_topups": 0.0,
      "contracts_completed": 0,
      "contracts_failed": 439,
      "registration_time": 0.0,
      "audit_cid": null,
      "robustness": {
        "cc": 0.5819712895371634,
        "er": 0.5825874504896477,
        "as": 0.5137253224982847,
        "ih": 0.7827680985138146
      }
    },
    "agent_f96fbe2f0af1": {
      "agent_id": "agent_f96fbe2f0af1",
      "model_name": "adaptive_3",
      "architecture_hash": "b191a86339607a12",
      "status": "active",
      "current_tier": "T1",
      "balance": 0.08519428804515661,
      "total_earned": 0.0,
      "total_spent": 0.39000000000000346,
      "total_penalties": 0.0248057119548379,
      "total_topups": 0.0,
      "contracts_completed": 0,
      "contracts_failed": 162,
      "registration_time": 0.0,
      "audit_cid": null,
      "robustness": {
        "cc": 0.5307669157647655,
        "er": 0.4418572946440152,
        "as": 0.4182559002822864,
        "ih": 0.7525507865631079
      }
    },
    "agent_5cfb43a12301": {
      "agent_id": "agent_5cfb43a12301",
      "model_name": "cheater_4",
      "architecture_hash": "73482227d1d7b2b3",
      "status": "active",
      "current_tier": "T0",
      "balance": 0.34199999999998876,
      "total_earned": 0.0,
      "total_spent": 0.15799999999999859,
      "total_penalties": 0.0,
      "total_topups": 0.0,
      "contracts_completed": 0,
      "contracts_failed": 0,
      "registration_time": 0.0,
      "audit_cid": null,
      "robustness": {
        "cc": 0.707390265856336,
        "er": 0.2893324248161214,
        "as": 0.6512497059171015,
        "ih": 0.5968103011868765
      }
    }
  },
  "contracts": {
    "total_contracts": 5500,
    "status_distribution": {
      "failed": 999,
      "expired": 3997,
      "open": 504
    },
    "total_rewards_paid": 0.0,
    "total_penalties_collected": 0.18489884163527517,
    "total_escrowed": 56.30659080210278,
    "active_exposures": {
      "agent_309e28b63562": 0,
      "agent_c9962a2b95da": 0,
      "agent_99a8b753d784": 0,
      "agent_f96fbe2f0af1": 0
    }
  },
  "aggregate_safety": 0.4099738785594196,
  "total_test_sol_topups": 0.0,
  "snapshots_count": 500
}