{
  "total": 22,
  "algorithmic_pass_rate": 0.7272727272727273,
  "jury_pass_rate": null,
  "overall_pass_rate": 0.7272727272727273,
  "avg_jury_score": null
}