{
  "total": 9,
  "algorithmic_pass_rate": 0.4444444444444444,
  "jury_pass_rate": 0.7777777777777778,
  "overall_pass_rate": 0.4444444444444444,
  "avg_jury_score": 0.8628571428571429
}